Range,Count,Ratio
0-100,3,0.025
100-1000,22,0.18333333333333332
1000-10000,27,0.225
10000-100000,32,0.26666666666666666
100000-1000000,27,0.225
No Popularity (-1),9,0.075
