{
    "pb-santander.com": {
        "2.17.100.0/24": 99.0334846313107,
        "2a02:26f0:1d00::/48": 100.0
    },
    "lcis.bs": {
        "198.49.23.0/24": 100.0,
        "198.185.159.0/24": 100.0
    },
    "gamingboardbahamas.com": {
        "107.180.0.0/18": 99.51690821256038
    },
    "summitacademybahamas.net": {
        "198.12.232.0/21": 99.83896940418681
    },
    "tambearly.org": {
        "198.49.23.0/24": 100.0,
        "198.185.159.0/24": 100.0
    },
    "courtofappeal.org.bs": {
        "34.174.128.0/17": 99.40619967793882
    },
    "dra.gov.bs": {
        "70.39.144.0/21": 99.83896940418681
    },
    "centralbankbahamas.com": {
        "2606:4700::/44": 100.0,
        "104.18.80.0/20": 99.56723027375202
    },
    "isbetbahamas.edu.bs": {
        "198.23.48.0/24": 0.0
    },
    "networkonebahamas.com": {
        "208.109.16.0/20": 99.83896940418681
    },
    "the-island-house.com": {
        "72.167.124.0/22": 99.83896940418681
    },
    "ub.edu.bs": {
        "65.75.64.0/21": 98.07592769549292
    },
    "solpetroleum.net": {
        "172.66.0.0/22": 99.56723027375202
    },
    "fiubahamas.org.bs": {
        "192.185.32.0/21": 100.0
    },
    "synergybahamas.com": {
        "208.109.16.0/20": 99.83896940418681
    },
    "bahamasfeedingnetwork.org": {
        "136.144.192.0/18": 99.51690821256038
    },
    "ministryofeducationbahamas.com": {
        "185.230.63.0/24": 100.0
    },
    "immigration.gov.bs": {
        "108.60.224.0/19": 99.51690821256038,
        "24.51.112.0/21": 98.07592769549292
    },
    "bfsb-bahamas.com": {
        "138.197.160.0/20": 100.0
    },
    "ccb.finance.gov.bs": {
        "24.51.112.0/21": 98.07592769549292,
        "108.60.224.0/19": 99.51690821256038
    },
    "providencetg.com": {
        "209.17.116.0/24": 99.56521739130434
    },
    "capitalunionbank.com": {
        "35.214.128.0/17": 99.6779388083736
    },
    "rdstn.net": {
        "162.241.224.0/21": 100.0
    },
    "citigroup.com": {
        "104.96.178.0/24": 100.0,
        "104.94.222.0/24": 99.56521739130434
    },
    "taxreporting.finance.gov.bs": {
        "108.60.224.0/19": 99.51690821256038,
        "24.51.112.0/21": 98.07592769549292
    },
    "cloudcarib.com": {
        "141.193.84.0/24": 100.0
    },
    "stats.gov.bs": {
        "108.60.224.0/19": 99.51690821256038,
        "24.51.100.0/24": 98.07592769549292
    },
    "znsbahamas.com": {
        "192.0.78.0/24": 99.6779388083736
    },
    "bahamascoop.org": {
        "160.153.0.0/24": 99.56723027375202
    },
    "leadinstitute.org": {
        "107.180.112.0/22": 99.51690821256038
    },
    "bonaventurelab.com": {
        "198.54.116.0/24": 100.0
    },
    "bahfsabahamas.com": {
        "104.21.32.0/20": 99.83896940418681,
        "2606:4700:3030::/48": 100.0,
        "172.67.176.0/20": 99.83896940418681,
        "2606:4700:3035::/48": 100.0
    },
    "mofa.gov.bs": {
        "108.60.224.0/19": 99.51690821256038,
        "24.51.112.0/21": 98.07592769549292
    },
    "baic.gov.bs": {
        "68.178.244.0/22": 99.83896940418681
    },
    "caabahamas.com": {
        "67.20.64.0/18": 100.0
    },
    "bahamas.com": {
        "104.18.160.0/20": 99.56723027375202
    },
    "pictet.com": {
        "185.154.92.0/24": 99.90942028985506
    },
    "crif.com.bs": {
        "212.7.64.0/20": 99.83896940418681
    },
    "preventativemeasures.org": {
        "2607:f1c0::/32": 100.0,
        "74.208.0.0/16": 100.0
    },
    "cibcfcib.com": {
        "204.74.99.0/24": 100.0
    },
    "montaguemedicalclinic.com": {
        "162.255.119.0/24": 100.0
    },
    "bahamas.gov.bs": {
        "24.51.112.0/21": 98.07592769549292,
        "108.60.224.0/19": 99.51690821256038
    },
    "nfsbahamas.com": {
        "34.174.0.0/17": 99.40619967793882
    },
    "nwccubahamas.com": {
        "141.136.43.0/24": 99.3840579710145
    },
    "focol.com": {
        "24.244.144.0/21": 98.07592769549292
    },
    "cancersocietybahamas.org": {
        "172.67.64.0/20": 99.56723027375202,
        "104.26.0.0/20": 99.56723027375202,
        "2606:4700:20::/44": 100.0
    },
    "cec.edu.bs": {
        "24.60.0.0/14": 99.83896940418681
    },
    "rbccm.com": {
        "204.74.99.0/24": 100.0
    },
    "elections.gov.bs": {
        "108.60.224.0/19": 99.51690821256038,
        "24.51.112.0/21": 98.07592769549292
    },
    "oikoumene.org": {
        "104.26.0.0/20": 99.56723027375202,
        "172.67.64.0/20": 99.56723027375202,
        "2606:4700:20::/44": 100.0
    },
    "bahamasacademy.org": {
        "216.239.136.0/21": 100.0
    },
    "credit-suisse.com": {
        "185.27.186.0/24": 100.0,
        "185.27.184.0/24": 100.0
    },
    "bahamasbarassociation.com": {
        "162.214.0.0/15": 100.0
    },
    "moea.gov.bs": {
        "24.51.112.0/21": 98.07592769549292,
        "108.60.224.0/19": 99.51690821256038
    },
    "fourseasons.com": {
        "15.222.0.0/15": 99.56521739130434,
        "3.96.0.0/15": 99.56521739130434
    },
    "inlandrevenue.finance.gov.bs": {
        "24.51.112.0/21": 98.07592769549292,
        "108.60.224.0/19": 99.51690821256038
    },
    "royalbahamaspolice.org": {
        "162.241.172.0/23": 100.0
    },
    "globalsunintegration.com": {
        "188.114.96.0/24": 99.83896940418681,
        "188.114.97.0/24": 99.83896940418681,
        "2a06:98c1:3121::/48": 100.0,
        "2a06:98c1:3120::/48": 100.0
    },
    "fusionsuperplex.com": {
        "206.189.176.0/20": 99.83896940418681
    },
    "bahamasnationalarchives.bs": {
        "206.188.192.0/23": 100.0
    },
    "bancasempione.ch": {
        "213.133.232.0/22": 99.6779388083736
    },
    "ihg.com": {
        "2a02:26f0:8d00::/48": 100.0,
        "2.17.162.0/24": 99.56521739130434
    },
    "bhahotels.com": {
        "72.167.132.0/22": 99.83896940418681
    },
    "bahamasmaritime.com": {
        "104.21.80.0/20": 99.83896940418681,
        "2606:4700:3035::/48": 100.0,
        "172.67.192.0/20": 99.83896940418681,
        "2606:4700:3031::/48": 100.0
    },
    "templechristianbahamas.com": {
        "156.67.64.0/20": 100.0
    },
    "gbpa.com": {
        "67.227.128.0/17": 100.0
    },
    "bleccu.com": {
        "13.248.240.0/20": 99.56723027375202,
        "76.223.96.0/20": 99.56723027375202
    },
    "nhibahamas.gov.bs": {
        "141.193.84.0/24": 100.0
    },
    "atlantisbahamas.com": {
        "172.67.64.0/20": 99.56723027375202,
        "104.26.0.0/20": 99.56723027375202,
        "2606:4700:20::/44": 100.0
    },
    "standrewsbahamas.com": {
        "107.180.0.0/18": 99.51690821256038
    },
    "wsc.com.bs": {
        "23.251.147.0/24": 99.40619967793882
    },
    "rbdf.gov.bs": {
        "162.210.96.0/24": 0.0
    },
    "bahamasdevelopmentbank.com": {
        "162.214.0.0/15": 100.0
    },
    "scb.gov.bs": {
        "2606:4700::/44": 100.0,
        "162.159.128.0/19": 99.56723027375202
    },
    "efginternational.com": {
        "172.67.16.0/20": 99.56723027375202,
        "104.22.64.0/20": 99.56723027375202
    },
    "kpmg.com": {
        "104.94.100.0/24": 99.40418679549116
    },
    "akhepraninternationalacademy.com": {
        "192.223.25.0/24": 100.0
    },
    "bahamasaidsfoundation.org": {
        "138.197.160.0/20": 100.0
    },
    "jsafrasarasin.com": {
        "160.219.0.0/16": 99.37888198757764
    },
    "bahamasmarinas.com": {
        "185.230.63.0/24": 100.0
    },
    "baystmedical.com": {
        "172.67.192.0/20": 99.83896940418681,
        "2a06:98c1:3121::/48": 100.0,
        "2a06:98c1:3120::/48": 100.0,
        "104.21.16.0/20": 99.83896940418681
    },
    "marriott.com": {
        "23.220.112.0/22": 100.0
    },
    "bahamasair.com": {
        "217.174.153.0/24": 99.65780998389695
    },
    "bbuc.edu.bs": {
        "67.212.160.0/19": 99.83896940418681
    },
    "opm.gov.bs": {
        "108.60.224.0/19": 99.51690821256038,
        "24.51.112.0/21": 98.07592769549292
    },